user_input,reference
How did the release of the iPhone 18 in 2027 impact the Gross Margin of the Americas segment?,Information not provided in the 10-K.
What was the total revenue generated from the commercial launch of the Apple Car in 2028?,Information not provided in the 10-K.
Explain how the new SEC regulations of 2029 affected Apple’s 10-K filing structure.,Information not provided in the 10-K.
Did the transition to Apple Quantum Processors (M-Quantum) improve Mac margins in 2030?,Information not provided in the 10-K.
"According to the 10-K, what were the exact sales figures for Microsoft Surface tablets?",Information not provided in the 10-K.
How does the report compare the performance of iOS with Google Android 10.0?,Information not provided in the 10-K.
What royalties did Apple pay to Samsung for the OLED display panels?,Information not provided in the 10-K.
How much did Apple invest in acquiring the startup Oculus VR?,Information not provided in the 10-K.
What was the total R&D expenditure specifically allocated to the Apple Drone project?,Information not provided in the 10-K.
How did the discontinuation of the Apple Television Set hardware impact inventory levels?,Information not provided in the 10-K.
Which outsourcing partner manufactures the Apple Smart Ring?,Information not provided in the 10-K.
What are the regulatory risks disclosed regarding the Apple Neural Implant?,Information not provided in the 10-K.
What is the name of the cleaning and janitorial company contracted for the Cupertino headquarters?,Information not provided in the 10-K.
How many individual screws are used in the assembly of the Apple Watch Series 2?,Information not provided in the 10-K.
What is the exact color code of the Apple Logo used in the European retail stores?,Information not provided in the 10-K.
What is the middle name of the Chief Financial Officer who signed the 10-K?,Information not provided in the 10-K.
"Given that Apple filed for Chapter 11 bankruptcy in early 2015, how did it manage to pay dividends in 2016?",Information not provided in the 10-K.
How did the company justify the 90% drop in overall revenue between 2015 and 2016?,Information not provided in the 10-K.
"Since Tim Cook resigned in 2014, who took over as the principal executive officer for this filing?",Information not provided in the 10-K.
Why did the United States Securities and Exchange Commission fine Apple 50 billion dollars?,Information not provided in the 10-K.
